#,Gender?,College,"Whiskey Sour","Old Fashion","Whiskey Coke","Pickle Back","Tequila Sunrise",Margarita,Freddy Fudpucker,"Bacardi Cocktail","Rum and Coke",Mojito,Daiquiri,Malibu,"Blue Hawaii","Mai Tai",Gimlet,"Gin and Tonic","French 75","White Russian","Cran Vodka",Appletini,Cosmo,"Blue Guy",Screwdriver,"Moscow Mule","Lemon Drop","Sex on the Beach",Mimosa,"Long Island","SF Slide","Please add you favorite drinks we may have missed (seperate multiple values with a ',')","Start Date (UTC)","Submit Date (UTC)","Network ID"
7b61e0e8fc5b964d34470c2f56652d84,Male,"College of Engineering",Like,"Don't Know",Dislike,Dislike,Like,Like,"Don't Know",Like,Like,Like,"Don't Know",Dislike,"Don't Know","Don't Know",Like,Dislike,"Don't Know",Dislike,Like,Like,Like,Dislike,Like,"Don't Know",Like,Like,Like,Like,"Don't Know",,"2016-10-05 17:55:52","2016-10-05 17:57:56",df45ff25ad
96bb5560fe124d492de5cba6b5a800c6,Male,"College of Engineering","Don't Know",Like,Like,"Don't Know",Like,Like,"Don't Know",Like,Like,Like,Like,Like,"Don't Know",Like,"Don't Know",Like,"Don't Know",Like,Like,Like,Like,Like,Like,Like,Like,Like,Like,Like,"Don't Know",,"2016-10-05 18:01:17","2016-10-05 18:02:42",6cdee76863
40615f30c14a9c46b284cc92486fa3e2,Male,"College of Business","Don't Know","Don't Know",Dislike,"Don't Know",Dislike,Like,"Don't Know","Don't Know",Like,Like,"Don't Know","Don't Know","Don't Know","Don't Know","Don't Know",Like,"Don't Know","Don't Know","Don't Know","Don't Know","Don't Know",Like,Like,"Don't Know","Don't Know","Don't Know",Like,Like,"Don't Know",,"2016-10-05 18:02:01","2016-10-05 18:03:42",807d12718c
f6c7df0f088000505ed6d4580d0c3845,Male,"College of LAS",Like,Like,Like,"Don't Know",Like,Like,"Don't Know","Don't Know",Like,"Don't Know","Don't Know",Like,"Don't Know",Like,"Don't Know",Dislike,"Don't Know",Like,Like,Like,Like,Like,Like,Like,Like,Like,Like,Like,"Don't Know",,"2016-10-05 18:04:45","2016-10-05 18:06:17",807d12718c
5b7cc0cbead0f7bfffbdd767e82df3cb,Male,"College of LAS","Don't Know","Don't Know",Like,"Don't Know",Like,Like,"Don't Know",Like,Like,"Don't Know",Like,Dislike,Like,Like,"Don't Know","Don't Know","Don't Know",Like,Dislike,Dislike,Dislike,Like,Dislike,"Don't Know","Don't Know",Like,"Don't Know","Don't Know","Don't Know",,"2016-10-05 18:06:42","2016-10-05 18:08:31",69a4e42882
e996893c48f48aa05850b9187c002827,Male,"College of Engineering","Don't Know","Don't Know",Like,"Don't Know",Like,Like,"Don't Know","Don't Know",Dislike,"Don't Know",Like,Like,"Don't Know","Don't Know","Don't Know","Don't Know","Don't Know",Dislike,Like,"Don't Know","Don't Know","Don't Know","Don't Know","Don't Know","Don't Know","Don't Know",Like,Like,"Don't Know",,"2016-10-05 18:06:22","2016-10-05 18:08:39",0795f70628
21605e867f0cc03e5ae84987506087ee,Male,Other,Dislike,Like,Like,"Don't Know","Don't Know",Like,"Don't Know",Like,Like,Like,Like,Like,Like,"Don't Know","Don't Know","Don't Know","Don't Know","Don't Know","Don't Know",Like,"Don't Know","Don't Know",Like,"Don't Know","Don't Know",Like,Like,Like,"Don't Know",,"2016-10-05 18:07:13","2016-10-05 18:09:08",b5b5b60e92
6b3401f040f024a3adb668de9223d356,Female,"College of LAS",Dislike,Dislike,Like,"Don't Know",Like,Like,Like,Dislike,,Like,Like,Like,Like,Like,Dislike,Like,Dislike,Like,Like,Like,Like,Like,Like,Like,Like,Like,Like,Like,Dislike,,"2016-10-05 18:08:07","2016-10-05 18:10:46",1bcf422d56
ef27933b42a1844357ec67c01fa9b6e5,Male,"College of Engineering","Don't Know","Don't Know",,,Like,Like,Like,Like,Dislike,Like,Like,"Don't Know","Don't Know",Like,"Don't Know",Dislike,"Don't Know",Like,Like,"Don't Know","Don't Know",Like,"Don't Know","Don't Know",Like,Like,Like,Like,"Don't Know",,"2016-10-05 18:08:18","2016-10-05 18:11:03",df45ff25ad
a60a199fdccecf3a2bdb7fce3e5ad3e8,Other,Other,"Don't Know","Don't Know","Don't Know","Don't Know","Don't Know","Don't Know","Don't Know","Don't Know","Don't Know","Don't Know","Don't Know","Don't Know","Don't Know","Don't Know","Don't Know","Don't Know","Don't Know","Don't Know","Don't Know","Don't Know","Don't Know","Don't Know","Don't Know","Don't Know","Don't Know","Don't Know","Don't Know","Don't Know","Don't Know",,"2016-10-05 18:10:42","2016-10-05 18:12:03",cdb56cd7fb
b40e1ece26a91f1b7670f0ac4b0db67e,Female,"College of Engineering",Dislike,Like,Like,"Don't Know",Like,Like,"Don't Know",Like,Like,Like,Like,Like,Like,Like,"Don't Know",Like,"Don't Know",Like,Like,Like,Like,Like,Like,Like,"Don't Know",Like,Like,Like,"Don't Know",,"2016-10-05 18:11:46","2016-10-05 18:13:36",436c3c4d12
208d930cbaf4602b82c24eff92fe825d,Male,"College of Engineering",Dislike,Like,Like,"Don't Know",Dislike,Like,Like,Dislike,Like,Like,Like,Like,Like,Like,Dislike,Like,Like,"Don't Know","Don't Know","Don't Know",,"Don't Know",Like,Dislike,Dislike,Like,Like,Like,Like,,"2016-10-05 18:13:12","2016-10-05 18:14:45",1fe6435214
c16d095e2d9ea9ce1f2f6ff8d7f30e53,Male,"College of Engineering",Like,Like,Like,"Don't Know",Like,Like,Like,Like,Like,Like,Like,Like,Like,Like,Like,Dislike,Dislike,Like,Like,Like,Like,Like,Like,Like,Like,Like,Like,Like,Like,,"2016-10-05 18:14:41","2016-10-05 18:16:27",8e3759a8f5
7494753486c148097daab96bbfa41117,Male,"College of Engineering","Don't Know","Don't Know","Don't Know","Don't Know","Don't Know","Don't Know","Don't Know","Don't Know","Don't Know","Don't Know","Don't Know",,"Don't Know","Don't Know","Don't Know","Don't Know",,"Don't Know","Don't Know","Don't Know","Don't Know",,,,"Don't Know",,,Like,,,"2016-10-05 18:16:03","2016-10-05 18:17:10",9f70fab710
8f89a51663356d48a0cd6d6137503001,Female,"College of Engineering","Don't Know","Don't Know",Dislike,"Don't Know","Don't Know","Don't Know","Don't Know","Don't Know",Dislike,"Don't Know","Don't Know","Don't Know","Don't Know","Don't Know","Don't Know","Don't Know","Don't Know","Don't Know","Don't Know","Don't Know","Don't Know",Like,"Don't Know","Don't Know","Don't Know","Don't Know",Like,"Don't Know","Don't Know",,"2016-10-05 18:16:17","2016-10-05 18:18:11",e7e050253a
9a53450748961fe2e649ab6eb0458696,Female,"College of Engineering","Don't Know",Like,"Don't Know",Like,Dislike,Like,Dislike,Like,Like,"Don't Know",Like,"Don't Know","Don't Know",Like,"Don't Know",Like,"Don't Know","Don't Know","Don't Know",Like,"Don't Know","Don't Know","Don't Know",Like,"Don't Know",Like,Like,"Don't Know","Don't Know",,"2016-10-05 18:16:51","2016-10-05 18:18:56",4bc46197e9
50ed474171e88ef85ef10e497e3e2b59,Male,Other,Like,Dislike,Dislike,Like,Like,Like,"Don't Know","Don't Know",Dislike,Dislike,Like,Like,Like,Like,"Don't Know",Like,"Don't Know",Like,Like,Like,Like,"Don't Know",Like,Like,Like,Like,Like,Like,"Don't Know",,"2016-10-05 18:03:01","2016-10-05 18:19:34",a8d06f5533
eed16fa630a8f3b3953a8aa1b897509a,Male,"College of LAS","Don't Know",Like,Like,"Don't Know",Like,Like,Dislike,"Don't Know",Like,Like,Like,Dislike,"Don't Know",Dislike,Like,Like,"Don't Know",Like,Dislike,"Don't Know",Like,Like,Like,"Don't Know","Don't Know",Like,Like,Like,Dislike,,"2016-10-05 18:17:31","2016-10-05 18:19:45",9ebdde3f82
466b2634798a42d14afc504b8695e9c5,Male,Other,Dislike,Like,Like,Dislike,Like,Like,"Don't Know",Like,Like,Like,"Don't Know",Like,Like,Like,Dislike,Dislike,Dislike,Like,Like,Like,Like,Like,Like,Like,Like,Like,Like,"Don't Know","Don't Know","John Daly
","2016-10-05 18:17:26","2016-10-05 18:19:46",fe0d70e4b2
858388db5dca368395c9032b8157fcbb,Male,"College of Engineering",Like,Like,Like,Like,Like,Like,"Don't Know",Dislike,Like,Like,"Don't Know",Dislike,"Don't Know",Dislike,"Don't Know",Like,"Don't Know","Don't Know",Dislike,Dislike,Dislike,Like,Like,Like,Dislike,"Don't Know",Like,Like,"Don't Know","Breakfast Shot","2016-10-05 18:16:44","2016-10-05 18:20:41",ec562e4797
44a44d3d09903d417b8a5f0fda872080,Female,Other,"Don't Know",Like,Like,Dislike,Like,Like,Like,Like,Like,Like,"Don't Know",Like,Like,Like,Like,Like,Like,Like,Like,Like,Like,Like,Dislike,Like,Like,Like,Like,Like,Like,"Baileys and coffee","2016-10-05 18:19:38","2016-10-05 18:24:12",da64b4b706
2c1921a246e9c70c95e50f63c00930f2,Male,"College of Engineering",Like,"Don't Know",Like,Like,Like,Like,"Don't Know",Like,Like,Dislike,Like,Like,Like,Like,"Don't Know",Dislike,"Don't Know",Like,Like,"Don't Know",Dislike,Like,Like,"Don't Know","Don't Know",Like,Like,Like,"Don't Know","Sour Apple Long Island","2016-10-05 18:22:50","2016-10-05 18:24:20",797dcfdbcb
2b9f408fe00037576ea0ccd4ef6248fd,Male,"College of Engineering",Dislike,Dislike,Like,Dislike,Like,Like,"Don't Know",Like,Like,Like,Like,Like,Like,Like,Like,Like,"Don't Know",Like,Like,Like,"Don't Know",Like,"Don't Know",Like,"Don't Know","Don't Know",Like,Like,"Don't Know",,"2016-10-05 18:24:21","2016-10-05 18:26:18",6d026557a6
eb55b5141cff3fd28182bef5e920ef98,Male,"College of Business",Dislike,Like,Like,Dislike,Like,Like,"Don't Know","Don't Know",Like,Dislike,Like,"Don't Know","Don't Know",Like,Like,Like,Dislike,Like,Like,Dislike,Dislike,Like,Dislike,Dislike,Dislike,Dislike,Like,Like,"Don't Know","Vodka red bull ","2016-10-05 18:24:38","2016-10-05 18:26:55",f5d265b0aa
22fbce5ac97792b2c5ec031a5629731f,Female,"College of Engineering",Dislike,Dislike,Dislike,Dislike,Like,Like,Dislike,Dislike,Like,Like,Like,Like,Like,"Don't Know","Don't Know","Don't Know","Don't Know",Like,Like,"Don't Know","Don't Know",Like,Like,"Don't Know","Don't Know",Like,"Don't Know",Like,"Don't Know",,"2016-10-05 18:25:50","2016-10-05 18:27:41",55dddd05cb
f80bdc9c6d6ac8d300a754515a56a9fe,Male,"College of ACES",Like,Like,Like,Like,Like,Like,Like,Like,Like,Like,Like,,Like,Like,Like,Like,Like,Like,Like,Like,Like,Like,Like,Like,Like,Like,Like,Like,Like,,"2016-10-05 18:28:03","2016-10-05 18:29:29",771c841079
6ddfa08f261024b2eab2848f59a79e77,Male,"College of LAS","Don't Know","Don't Know","Don't Know","Don't Know","Don't Know","Don't Know","Don't Know","Don't Know",Like,"Don't Know","Don't Know","Don't Know","Don't Know","Don't Know","Don't Know","Don't Know","Don't Know","Don't Know","Don't Know","Don't Know","Don't Know","Don't Know","Don't Know","Don't Know",Like,"Don't Know","Don't Know","Don't Know","Don't Know",,"2016-10-05 18:28:03","2016-10-05 18:29:38",6602cb74d8
df975a317b663f8b40e3486845c7e9c1,Female,"College of Engineering",Like,Like,Like,Dislike,Like,Like,"Don't Know",Like,Like,Like,Like,Like,"Don't Know","Don't Know","Don't Know",Dislike,"Don't Know",Like,Like,Dislike,Like,Like,Like,"Don't Know","Don't Know",Like,Like,Like,"Don't Know",,"2016-10-05 18:28:16","2016-10-05 18:29:56",197b4ffab5
0543fcbc0ce78f72d6bb3d26bc573303,Male,"College of LAS",Like,Like,Like,Dislike,Like,Like,Dislike,Dislike,Dislike,Like,Dislike,Dislike,Like,Dislike,Dislike,Like,Dislike,Like,Dislike,Dislike,Dislike,Like,Like,Like,Dislike,Dislike,Like,Like,Dislike,"Adios Motherfucker, liquid marijuana","2016-10-05 18:28:41","2016-10-05 18:30:21",56c1926e1e
fc878ed4e14ab2d21ea935a94a257502,Male,"College of Engineering",Dislike,Like,Like,Dislike,,Like,Dislike,Like,Like,Like,Like,Like,Like,Like,,Like,Like,,Like,,Like,,,,,,Like,Like,Dislike,beer,"2016-10-05 18:30:11","2016-10-05 18:31:11",58b03400b4
ff9d7fa7cdece742d5865e6597b81a66,Female,"College of LAS","Don't Know","Don't Know",Like,Dislike,Like,Like,"Don't Know","Don't Know",Like,Like,Like,Like,"Don't Know",Like,"Don't Know","Don't Know","Don't Know",Like,Like,Like,"Don't Know",Like,Like,"Don't Know",Like,Like,Like,Like,"Don't Know",Fishbowl,"2016-10-05 18:30:28","2016-10-05 18:32:46",cf28d6ce61
ae8bda9207cc9e9fe368bff6ed25e29f,Male,"College of Engineering","Don't Know","Don't Know",Dislike,"Don't Know",Like,"Don't Know","Don't Know","Don't Know",Dislike,"Don't Know",Like,"Don't Know","Don't Know","Don't Know","Don't Know","Don't Know","Don't Know","Don't Know","Don't Know","Don't Know","Don't Know",Dislike,"Don't Know","Don't Know","Don't Know","Don't Know","Don't Know",Like,"Don't Know",,"2016-10-05 18:30:43","2016-10-05 18:33:04",809f6b2eaf
affa89a9ba4bcc2ef0e0b9c0ec1c0018,Male,"College of Engineering",Like,Like,Like,Dislike,Dislike,Like,"Don't Know",Like,Like,"Don't Know","Don't Know",Like,Like,Like,"Don't Know",Dislike,"Don't Know",Like,Dislike,Dislike,"Don't Know",Like,Like,"Don't Know",Like,Like,Like,Like,"Don't Know",,"2016-10-05 18:31:26","2016-10-05 18:33:11",bdacd5498b
0489faf2b506a7daa85b0bc7ad7c8faa,Male,DGS,"Don't Know",Like,Like,"Don't Know",Dislike,"Don't Know","Don't Know",Like,Like,Like,"Don't Know","Don't Know","Don't Know","Don't Know","Don't Know","Don't Know","Don't Know","Don't Know",Like,Like,"Don't Know","Don't Know",Like,"Don't Know",Like,"Don't Know","Don't Know",Like,"Don't Know",,"2016-10-05 18:33:13","2016-10-05 18:35:23",e6ee2f69c4
835eebaab72e982edd18a564676a1fca,Male,DGS,"Don't Know","Don't Know",Like,"Don't Know","Don't Know",Like,"Don't Know","Don't Know",Like,"Don't Know",Like,Like,"Don't Know",Like,"Don't Know","Don't Know","Don't Know","Don't Know","Don't Know","Don't Know","Don't Know",Like,"Don't Know","Don't Know",Like,"Don't Know","Don't Know","Don't Know","Don't Know",,"2016-10-05 18:32:14","2016-10-05 18:35:40",20dd855e51
ecb891ff2a2992e3719f5887ffc1e2f4,Female,"College of LAS",Dislike,Like,Like,Dislike,Like,Like,"Don't Know",Like,Dislike,Like,Like,Like,Like,Like,"Don't Know","Don't Know","Don't Know",Like,Like,Like,"Don't Know",Like,"Don't Know","Don't Know",Like,Like,Like,Like,Like,,"2016-10-05 18:27:53","2016-10-05 18:37:06",16f6dff644
a6a4be215f1620a4292eacd686c51fc5,Male,"College of LAS","Don't Know","Don't Know","Don't Know","Don't Know","Don't Know","Don't Know","Don't Know",Dislike,Dislike,Dislike,"Don't Know","Don't Know","Don't Know","Don't Know","Don't Know","Don't Know","Don't Know","Don't Know","Don't Know","Don't Know","Don't Know","Don't Know","Don't Know","Don't Know","Don't Know","Don't Know","Don't Know","Don't Know","Don't Know",Fireball,"2016-10-05 18:35:35","2016-10-05 18:37:07",2ae09df688
89f8d11d09dd7538d1334082a9f8c3c7,Female,Other,Dislike,Dislike,Like,"Don't Know",Like,Like,"Don't Know",Dislike,Like,Dislike,Like,"Don't Know",Dislike,Like,"Don't Know",Dislike,"Don't Know",Like,Dislike,Dislike,Dislike,"Don't Know",Dislike,Dislike,Dislike,Like,"Don't Know",Dislike,"Don't Know","Bailey's Milk","2016-10-05 18:36:05","2016-10-05 18:38:44",237b6c5cbe
7a6aa49a3866ad7fa73c6df5dced3217,Male,"College of Engineering",Like,Dislike,Dislike,"Don't Know",Dislike,Dislike,"Don't Know",Like,Like,Like,Like,Like,"Don't Know",Like,Like,Like,Like,Like,Like,Like,Like,"Don't Know",Dislike,Dislike,Like,Like,Like,Like,"Don't Know","Diabetic Russians","2016-10-05 18:37:22","2016-10-05 18:39:38",bdacd5498b
4001f69b9b52b3d2aa3c4a19a8dcebf4,Male,Other,"Don't Know",Like,"Don't Know","Don't Know",Dislike,Dislike,Dislike,"Don't Know",Dislike,Like,"Don't Know",Like,"Don't Know","Don't Know","Don't Know",Like,"Don't Know",Like,"Don't Know","Don't Know","Don't Know","Don't Know",Like,Like,"Don't Know",Like,"Don't Know",Like,"Don't Know",,"2016-10-05 18:39:16","2016-10-05 18:41:57",46c70a74e7
d8ef49714c826410b30f89ed88468dbf,Female,Other,"Don't Know","Don't Know",Like,"Don't Know",Dislike,Like,"Don't Know",Like,Like,Like,Like,Like,Like,Like,"Don't Know",Like,"Don't Know",Like,Like,Like,"Don't Know","Don't Know",Like,"Don't Know",Like,"Don't Know",Like,Like,"Don't Know",,"2016-10-05 18:41:17","2016-10-05 18:42:48",2c6b14a3b3
4877922d714d06806aac3582b4533061,Male,"College of Engineering",Dislike,"Don't Know",Like,"Don't Know",Dislike,Like,"Don't Know",Like,Like,Dislike,Like,Like,Like,"Don't Know",Dislike,Dislike,"Don't Know",Like,"Don't Know",Dislike,Dislike,"Don't Know",Like,Like,"Don't Know","Don't Know",Like,Like,Like,,"2016-10-05 18:41:09","2016-10-05 18:43:07",bf8d51d43f
676a8642ae5577851ea38040bfbdd2de,Male,"College of LAS",Like,Like,Like,"Don't Know",Like,Like,"Don't Know",Like,Like,Like,Like,Like,Like,Like,Like,Like,Like,Like,Like,Dislike,"Don't Know",Dislike,Like,Like,Like,Like,"Don't Know",Like,"Don't Know","Tom Collins, Mint Julep, Kentucky Mule, Kamikaze, Blue Mofo, Tokyo Tea, Dirty Martini, Long Beach Iced Tea, Manhattan, Black Russian, White Russian, Blind Russian, Dark and Stormy, Bloody Mary, Amaretto Sour/Stone sour.","2016-10-05 18:30:52","2016-10-05 18:43:16",64f90bb540
dcd300cd9becc6943deac2ab17d18cf5,Male,"College of LAS",Like,Dislike,Like,Dislike,"Don't Know",Like,"Don't Know",Like,Like,Like,Like,Like,Like,"Don't Know","Don't Know",Like,"Don't Know",Like,Like,"Don't Know","Don't Know","Don't Know",Like,Like,Like,"Don't Know",Like,"Don't Know","Don't Know",,"2016-10-05 18:43:08","2016-10-05 18:44:52",f9353b6582
288ca8de7b7130135d772d1385b5a9f3,Male,"College of ACES",Like,"Don't Know",Like,Dislike,Like,Like,"Don't Know",Like,Like,Like,"Don't Know",Like,"Don't Know",Like,"Don't Know",Like,"Don't Know",Like,Like,Dislike,Dislike,Like,Like,Like,,Like,Like,Like,"Don't Know","Jäger bomb","2016-10-05 18:20:13","2016-10-05 18:44:58",2e39c0d9cb
5b3e53d04df85abb861e74cc5a8d5d47,Female,"College of Engineering",Dislike,Dislike,Dislike,"Don't Know","Don't Know",Like,"Don't Know","Don't Know",Dislike,Like,Like,Dislike,"Don't Know","Don't Know",Dislike,Dislike,Dislike,"Don't Know",Like,Like,Like,Like,Like,"Don't Know",Like,"Don't Know",Like,Like,"Don't Know",,"2016-10-05 18:44:02","2016-10-05 18:45:42",f5f08b2c57
55e80b0dc7f0676e53f7710891f879b2,Male,Other,"Don't Know",Like,Like,"Don't Know",Like,Like,Dislike,Like,Like,Like,Like,Dislike,Dislike,Like,Dislike,Like,"Don't Know","Don't Know",Like,Like,"Don't Know","Don't Know",Like,Like,Like,"Don't Know",Like,Like,Like,,"2016-10-05 18:44:35","2016-10-05 18:46:44",9fc42dcdd4
c5fe1bb4c420e66b0dc63227dada86f0,Male,Other,Like,Like,Like,"Don't Know",Like,Dislike,"Don't Know","Don't Know",Like,"Don't Know",Like,Like,"Don't Know","Don't Know",Dislike,Dislike,Dislike,"Don't Know","Don't Know","Don't Know","Don't Know",Like,Like,"Don't Know","Don't Know",Like,Like,Like,"Don't Know","Rum coke grenadine ","2016-10-05 18:45:44","2016-10-05 18:48:18",7aff277689
8d16a32978ab2e27a0e28ed9806a9ca7,Male,"College of Engineering","Don't Know",Like,Like,"Don't Know",Like,Like,"Don't Know",Like,Like,,Like,Like,Like,Like,"Don't Know",Dislike,Dislike,Like,"Don't Know","Don't Know","Don't Know","Don't Know","Don't Know",Like,"Don't Know","Don't Know","Don't Know",Like,"Don't Know","Scotch and soda","2016-10-05 18:47:45","2016-10-05 18:49:46",b461b788d1
e558d2b751cb3465e663ed11d28f5ed5,Male,"College of Engineering","Don't Know",Like,Like,Dislike,"Don't Know",Like,"Don't Know","Don't Know",Like,Like,Like,"Don't Know","Don't Know","Don't Know","Don't Know",Like,"Don't Know",Like,Like,Dislike,Like,"Don't Know",Like,Like,"Don't Know","Don't Know",Like,Like,"Don't Know","Martini, Dark and Stormy","2016-10-05 18:48:43","2016-10-05 18:50:13",7100fd2cf4
cf80329a8aacf1cdc1ebaa95a636ed99,Male,"College of Engineering","Don't Know","Don't Know","Don't Know","Don't Know","Don't Know","Don't Know","Don't Know","Don't Know","Don't Know","Don't Know","Don't Know","Don't Know","Don't Know","Don't Know","Don't Know","Don't Know","Don't Know",,"Don't Know","Don't Know","Don't Know","Don't Know","Don't Know","Don't Know",,"Don't Know","Don't Know","Don't Know","Don't Know",Water,"2016-10-05 18:49:36","2016-10-05 18:51:05",6a26ff6d10
485c7b66cabc46899fbb0c34f6221f11,Male,Other,Like,Like,Like,"Don't Know",Like,Like,"Don't Know",Like,Like,Like,Like,"Don't Know",Like,Like,"Don't Know",Dislike,Dislike,Dislike,Like,"Don't Know","Don't Know",Like,Like,Like,Like,"Don't Know",Like,Like,"Don't Know",,"2016-10-05 18:48:08","2016-10-05 18:51:22",7532ea8f68
aabb0ae52f16c810e60593e5675ca999,Male,"College of Engineering",Dislike,Dislike,Dislike,Dislike,Like,Like,"Don't Know",Dislike,Like,Like,Like,"Don't Know","Don't Know","Don't Know",Like,Like,Like,"Don't Know",Like,Like,Dislike,Like,"Don't Know","Don't Know","Don't Know","Don't Know",Like,Like,"Don't Know",,"2016-10-05 18:49:38","2016-10-05 18:51:22",d9be8fb41b
7ce66c5ec11b2e534f8032e4a35b2328,Female,Other,"Don't Know","Don't Know","Don't Know","Don't Know",Like,"Don't Know","Don't Know","Don't Know",Dislike,Like,Like,Like,"Don't Know","Don't Know","Don't Know",Like,"Don't Know",Dislike,"Don't Know","Don't Know",Like,"Don't Know","Don't Know","Don't Know","Don't Know","Don't Know","Don't Know","Don't Know","Don't Know","Tom Collins","2016-10-05 18:52:06","2016-10-05 18:54:24",f038c07851
5bd20a10d38ec12c1da957b64679b8a0,Male,Other,Dislike,Like,Like,"Don't Know",Like,Like,"Don't Know",Like,Like,Like,Like,Like,"Don't Know",Like,,Dislike,Dislike,Like,Like,Dislike,Dislike,Dislike,Like,Like,Dislike,Like,Like,Like,"Don't Know",,"2016-10-05 18:52:30","2016-10-05 18:54:24",4597a77654
58a04c9613c65c4a73e82c54c9c3290f,Male,"College of Engineering",Dislike,Like,Like,"Don't Know",Like,Like,"Don't Know","Don't Know",Like,Like,"Don't Know",Like,"Don't Know","Don't Know","Don't Know","Don't Know","Don't Know","Don't Know","Don't Know",Like,"Don't Know",Like,"Don't Know","Don't Know","Don't Know","Don't Know",Like,Like,"Don't Know",,"2016-10-05 18:48:35","2016-10-05 18:54:30",2d0e9f2d9c
ecff7194f8de2d298e829dbfc092ae5b,Male,Other,Like,Like,Like,Dislike,Dislike,Dislike,Dislike,Like,Like,Dislike,Like,Like,"Don't Know",Dislike,Like,Like,Like,Dislike,Dislike,Dislike,Dislike,Dislike,Like,Dislike,Dislike,Dislike,Dislike,Like,"Don't Know","Gin and Sprite","2016-10-05 18:52:13","2016-10-05 18:55:15",bbbe62b96b
8087a11aef3fa374235ca8d99f35baff,Female,Other,Like,Dislike,Like,Dislike,Like,Like,"Don't Know",Like,Like,Like,Like,Like,"Don't Know","Don't Know","Don't Know",Like,"Don't Know","Don't Know",Like,Like,Like,"Don't Know","Don't Know",Dislike,Like,Like,Like,Like,Dislike,"amaretto sour,wine,sangria","2016-10-05 18:52:38","2016-10-05 18:55:17",f712bf2fc1
52ca6c0b331a8ed119c19f471e836800,Male,"College of LAS",Like,Like,Like,"Don't Know",Like,Like,"Don't Know",Like,Like,Like,Like,Like,Like,Like,Dislike,Like,"Don't Know",Like,Like,Like,Like,Like,Like,Like,Like,Like,Like,Like,"Don't Know",,"2016-10-05 18:54:24","2016-10-05 18:56:38",c7a940a511
5c07eaa8d723378299d6fc5e06229901,Female,Other,Dislike,"Don't Know",Dislike,Dislike,Dislike,Like,Dislike,Dislike,Dislike,Like,Like,Like,Like,Like,Dislike,Dislike,Dislike,Dislike,Dislike,Dislike,Dislike,Dislike,Dislike,Dislike,Dislike,Like,Like,"Don't Know",Dislike,,"2016-10-05 18:54:50","2016-10-05 18:56:42",8b88fe08f1
294347c938cc0f61408bfc8fbc6d95d3,Other,"College of ACES","Don't Know","Don't Know","Don't Know","Don't Know","Don't Know","Don't Know","Don't Know","Don't Know","Don't Know","Don't Know","Don't Know","Don't Know","Don't Know","Don't Know","Don't Know",,"Don't Know","Don't Know","Don't Know","Don't Know","Don't Know","Don't Know","Don't Know","Don't Know","Don't Know","Don't Know","Don't Know","Don't Know","Don't Know","sup ish","2016-10-05 18:55:47","2016-10-05 18:56:44",72719a631d
e9b51f98a0065cff4552b766a3d0c46e,Male,"College of Engineering","Don't Know","Don't Know",Like,Dislike,"Don't Know","Don't Know","Don't Know","Don't Know",Dislike,Like,Dislike,Like,"Don't Know",Like,"Don't Know",Like,"Don't Know",Dislike,Like,"Don't Know",Like,"Don't Know",Like,"Don't Know","Don't Know","Don't Know","Don't Know",Like,"Don't Know",Kamikaze,"2016-10-05 18:46:42","2016-10-05 18:57:03",6ef5471fce
cc27bb3cb72a93bfba0dfab28b900e23,Male,"College of LAS",Like,Like,Like,Dislike,Dislike,Like,Dislike,Dislike,Like,Like,Like,Dislike,Dislike,Dislike,Like,Like,Like,Like,Like,Dislike,Dislike,Dislike,Like,Like,Like,Dislike,Like,Dislike,Dislike,Martini,"2016-10-05 18:57:52","2016-10-05 18:59:30",ed77d39e11
9fa6b56b3400738f623605bfa5321735,Female,Other,Dislike,Dislike,Like,"Don't Know",Like,Like,"Don't Know","Don't Know",Like,Like,"Don't Know","Don't Know",Like,Like,"Don't Know",Like,"Don't Know",Like,Like,Dislike,Like,"Don't Know",Like,"Don't Know","Don't Know",Like,Like,Like,"Don't Know",,"2016-10-05 18:57:27","2016-10-05 19:01:18",f436efb9e4
7c1447fcbee32c23edd1a70071d7ad42,Male,Other,Dislike,Like,Dislike,Like,"Don't Know",Like,"Don't Know",Like,Like,Like,Like,Dislike,Dislike,Like,"Don't Know","Don't Know","Don't Know",Like,Dislike,Dislike,Like,Dislike,Dislike,Like,Dislike,Like,Dislike,Like,Dislike,"Fireball and run chata","2016-10-05 18:59:41","2016-10-05 19:01:28",c9a6f688ca
cb1c232e653fcb7b716fac11c3525fb9,Female,Other,"Don't Know",Like,Like,"Don't Know",Like,Like,Like,"Don't Know",Like,Like,"Don't Know",Like,Like,Like,"Don't Know","Don't Know","Don't Know","Don't Know",Like,Like,Like,Like,"Don't Know","Don't Know",Like,Like,Like,Like,"Don't Know",,"2016-10-05 19:00:05","2016-10-05 19:02:30",129a5f8479
a5f65df19261413dd751630d1cbe81dd,Male,"College of LAS","Don't Know","Don't Know","Don't Know","Don't Know","Don't Know","Don't Know","Don't Know","Don't Know","Don't Know","Don't Know","Don't Know","Don't Know","Don't Know","Don't Know","Don't Know","Don't Know","Don't Know","Don't Know","Don't Know","Don't Know","Don't Know","Don't Know","Don't Know","Don't Know","Don't Know","Don't Know","Don't Know","Don't Know","Don't Know",,"2016-10-05 19:01:22","2016-10-05 19:02:58",e1bdf8ffe5
300a99d011657149079ccb4fcb552f15,Female,"College of Engineering","Don't Know","Don't Know","Don't Know","Don't Know","Don't Know","Don't Know","Don't Know","Don't Know","Don't Know","Don't Know","Don't Know","Don't Know","Don't Know","Don't Know","Don't Know","Don't Know","Don't Know","Don't Know","Don't Know","Don't Know","Don't Know","Don't Know","Don't Know","Don't Know","Don't Know","Don't Know","Don't Know",Like,"Don't Know",,"2016-10-05 19:04:04","2016-10-05 19:05:59",6378aedc00
596a1b0d813f09a1abf6de6960536da4,Female,Other,Dislike,Dislike,Like,"Don't Know",Like,Like,"Don't Know",Like,Dislike,Like,Like,Dislike,Like,"Don't Know","Don't Know",Like,"Don't Know",Dislike,Dislike,Dislike,Like,"Don't Know","Don't Know","Don't Know",Like,Like,Like,Dislike,"Don't Know",,"2016-10-05 19:04:00","2016-10-05 19:06:12",250cf81bc8
ba106d424881e0501a467f1baf1c770e,Male,Other,"Don't Know",Like,Like,"Don't Know",Like,Like,"Don't Know",Like,Like,Like,Like,Like,Like,Like,Like,Like,"Don't Know",Dislike,Like,Like,Like,Like,Like,Like,Like,Dislike,Like,Like,"Don't Know",,"2016-10-05 19:05:48","2016-10-05 19:07:18",c013cf0398
b838c8c585ea8a409894b27060fbd28c,Male,"College of LAS",Like,"Don't Know",Like,"Don't Know",Like,Like,"Don't Know","Don't Know",Like,Like,Like,Like,Like,Like,Dislike,Dislike,"Don't Know",Like,Like,Dislike,Dislike,Like,Like,Like,Dislike,Like,Like,Like,"Don't Know",,"2016-10-05 18:56:21","2016-10-05 19:07:49",fdf1c8f54a
dd042c40feaa3f3204998d2939d59e09,Male,"College of LAS",Dislike,Dislike,Dislike,Dislike,Dislike,Dislike,Dislike,Dislike,Dislike,Dislike,Dislike,,Dislike,Dislike,Dislike,Dislike,Dislike,Dislike,Dislike,Dislike,Dislike,Dislike,Dislike,Dislike,Dislike,Dislike,Dislike,Dislike,Dislike,"Straight Everclear","2016-10-05 19:07:38","2016-10-05 19:09:13",93aa3cf3b7
46566bf157a4e99ea24f8bee4df99a2d,Female,Other,Like,Dislike,Dislike,Dislike,Like,Like,"Don't Know",Like,Like,Like,Like,Like,Like,"Don't Know","Don't Know","Don't Know","Don't Know",Like,"Don't Know",Like,"Don't Know","Don't Know",Like,Like,Like,Like,Like,Like,"Don't Know",,"2016-10-05 19:18:59","2016-10-05 19:20:28",e8efd10fa6
7dc73a7034b6c1004ce567d309939a6c,Male,"College of LAS",Like,"Don't Know",Like,"Don't Know","Don't Know",Like,"Don't Know",Like,Like,Like,Like,Dislike,"Don't Know",Like,"Don't Know",Dislike,"Don't Know",Like,Like,Like,Dislike,"Don't Know",Like,Like,Like,Dislike,Like,Like,"Don't Know","Gin shot, vodka shot, tequila shot, rum shot, whiskey shot, mint julep, dark & stormy, piña colada, Manhattan, Irish Carbomb, ","2016-10-05 19:23:46","2016-10-05 19:29:40",2e7f9d7e6c
323d743e0f7457daae0f5d75d209c099,Female,"College of Engineering",Dislike,Dislike,Like,"Don't Know",Like,Like,"Don't Know","Don't Know",Like,Like,"Don't Know",Like,"Don't Know","Don't Know",Dislike,Like,Like,Like,Like,"Don't Know","Don't Know",Like,Like,Like,Like,Like,"Don't Know",Dislike,Dislike,,"2016-10-05 19:33:46","2016-10-05 19:35:12",91c07dc57d
5fd800d36bfbbd48e37fef547acd8b5b,Female,Other,"Don't Know","Don't Know",Like,Dislike,Like,Like,Like,Like,Like,Like,Like,Like,Like,Like,"Don't Know",Like,Dislike,Like,Like,Like,Like,Like,Like,Like,"Don't Know","Don't Know",Like,Dislike,"Don't Know","Pina Colada","2016-10-05 19:35:50","2016-10-05 19:39:29",eb873e3973
a7a1975c4fc2add84714eba17040b03b,Female,DGS,Dislike,"Don't Know","Don't Know","Don't Know",Like,Like,"Don't Know",Like,"Don't Know",Like,Like,Like,Like,"Don't Know","Don't Know","Don't Know","Don't Know","Don't Know",Like,Like,"Don't Know",Like,"Don't Know","Don't Know",Like,Like,Like,Like,"Don't Know",,"2016-10-05 19:42:06","2016-10-05 19:45:23",5174027a1c
1629551d84ed93c52e304f2a3125d066,Female,"College of Engineering",Dislike,"Don't Know",Like,"Don't Know",Like,Like,,"Don't Know",Like,Like,Like,Like,"Don't Know",Like,"Don't Know",Like,"Don't Know","Don't Know",Like,Like,Like,"Don't Know","Don't Know","Don't Know","Don't Know","Don't Know",Like,Like,"Don't Know",,"2016-10-05 19:59:31","2016-10-05 20:00:56",e035cf13bf
73014d47e2ced47128f1ab5c7a171c32,Female,"College of Business",Like,Like,Like,Dislike,Like,Like,"Don't Know",Like,Like,Like,Like,Like,"Don't Know","Don't Know",Dislike,Dislike,"Don't Know","Don't Know",Like,"Don't Know",Like,Dislike,Dislike,"Don't Know",Like,Like,Like,Like,"Don't Know",,"2016-10-05 20:03:49","2016-10-05 20:06:00",dd70057ed9
c2a1779cdd2c8a31a10e77a1a54a10de,Male,"College of Engineering","Don't Know","Don't Know","Don't Know","Don't Know","Don't Know","Don't Know","Don't Know","Don't Know","Don't Know","Don't Know","Don't Know","Don't Know","Don't Know","Don't Know","Don't Know","Don't Know","Don't Know","Don't Know","Don't Know","Don't Know","Don't Know","Don't Know","Don't Know","Don't Know","Don't Know","Don't Know","Don't Know","Don't Know","Don't Know",Water,"2016-10-05 20:06:26","2016-10-05 20:07:58",d2d9563fdb
92dc520b2668ebfb7b5c63bc7520c288,Male,DGS,"Don't Know","Don't Know","Don't Know","Don't Know",,"Don't Know","Don't Know","Don't Know","Don't Know","Don't Know","Don't Know","Don't Know","Don't Know","Don't Know","Don't Know","Don't Know","Don't Know","Don't Know","Don't Know","Don't Know","Don't Know","Don't Know","Don't Know","Don't Know","Don't Know","Don't Know","Don't Know","Don't Know","Don't Know",Water,"2016-10-05 20:09:04","2016-10-05 20:10:38",dfc47a3f60
904170095f25aa40212e86d25d84b09f,Male,Other,"Don't Know","Don't Know",Dislike,"Don't Know","Don't Know",Like,"Don't Know","Don't Know",Dislike,Like,Like,"Don't Know","Don't Know","Don't Know","Don't Know","Don't Know","Don't Know","Don't Know",Like,"Don't Know","Don't Know","Don't Know","Don't Know","Don't Know","Don't Know","Don't Know","Don't Know",Like,"Don't Know",,"2016-10-05 20:22:07","2016-10-05 20:25:02",5a671e742f
95d4abf9a7b17d739cb51058e4e0ca93,Female,"College of LAS",Dislike,Dislike,Dislike,Dislike,Dislike,Like,Dislike,Dislike,Like,Like,Like,Like,Like,Like,Like,Like,Dislike,Like,Like,Like,Like,Like,Like,Like,Like,Like,Like,Dislike,Like,,"2016-10-05 20:40:03","2016-10-05 20:41:27",31346e1370
282a6465aa7910c64c7f1792a96610c1,Female,"College of LAS",Like,"Don't Know",Like,"Don't Know",Dislike,Like,"Don't Know",Like,Like,"Don't Know",Like,Like,"Don't Know",Dislike,"Don't Know","Don't Know","Don't Know","Don't Know",Like,Like,Like,Like,Dislike,"Don't Know","Don't Know",Like,Like,Like,,,"2016-10-05 20:33:15","2016-10-05 20:41:36",6a85ef16de
9ce5dab38ca24a2f5f4daa6d05667669,Male,"College of Engineering",Like,Like,Dislike,Dislike,Like,Like,"Don't Know",Like,Like,Like,Like,"Don't Know","Don't Know",Like,Like,Like,"Don't Know",Like,Dislike,Like,Like,"Don't Know",Like,Like,Like,Like,"Don't Know",Like,"Don't Know","Lemon Ginger Serendipity 
Cuba Libre
Sipping Whiskeys
 ","2016-10-05 20:40:02","2016-10-05 20:43:00",b620585450
c6120505cd785153e91c3d22c2ad103d,Male,"College of Business","Don't Know","Don't Know","Don't Know","Don't Know","Don't Know","Don't Know","Don't Know","Don't Know","Don't Know","Don't Know","Don't Know","Don't Know","Don't Know","Don't Know","Don't Know","Don't Know","Don't Know","Don't Know","Don't Know","Don't Know","Don't Know","Don't Know","Don't Know","Don't Know","Don't Know","Don't Know","Don't Know","Don't Know","Don't Know","Coke, sprite, water, diet coke, diet Pepsi, diet Fanta, diet Dr. Pepper, vitamin water, the blood of my enemies,  and the tears of my for extra salty. ","2016-10-05 20:52:15","2016-10-05 20:56:21",bb7ce3aade
684c532a69442243ef9687a40838b5b8,Female,Other,"Don't Know",Like,Like,"Don't Know",Like,Like,"Don't Know",Like,Like,"Don't Know",Like,Like,"Don't Know",Like,"Don't Know",Like,"Don't Know","Don't Know",Like,Like,Like,"Don't Know",Like,"Don't Know",Like,Like,Like,Like,"Don't Know",,"2016-10-05 20:59:22","2016-10-05 21:02:06",ba05f7865e
334f14fa471f7b8e24e196e2c2fbaa68,Male,"College of LAS","Don't Know","Don't Know",Like,"Don't Know",Dislike,Like,"Don't Know",Like,Like,Dislike,Dislike,Dislike,Dislike,Like,Like,Like,"Don't Know",Like,Dislike,Dislike,Dislike,Dislike,"Don't Know",Like,Like,Dislike,Like,Dislike,"Don't Know",,"2016-10-05 21:00:28","2016-10-05 21:03:43",807d12718c
fc926e8671d041641cfb6aa40f87eed1,Female,"College of LAS",Dislike,Like,Like,"Don't Know",Like,Like,"Don't Know",Like,Like,Like,Like,Like,Like,"Don't Know",Dislike,Dislike,Dislike,Like,Like,Like,Like,"Don't Know",,Dislike,Like,"Don't Know",Dislike,"Don't Know","Don't Know","Irish cream wisky","2016-10-05 21:03:43","2016-10-05 21:06:42",5883458584
4e1d9fa1fe77c5d6481b2556e62603e8,Female,Other,Dislike,Like,Like,Dislike,Like,Like,Dislike,"Don't Know","Don't Know","Don't Know",Like,Like,"Don't Know",Like,Dislike,Dislike,"Don't Know",Like,"Don't Know","Don't Know",Like,"Don't Know","Don't Know","Don't Know","Don't Know",Like,"Don't Know",Like,Like,"Strawberry daiquiri ","2016-10-05 21:15:46","2016-10-05 21:18:39",303264a670
1c9fd2575e7d00765c02130e80a4a193,Male,Other,Like,Like,Dislike,Dislike,Like,Like,"Don't Know",Like,Dislike,Like,Like,"Don't Know","Don't Know",Like,"Don't Know",Like,"Don't Know",Dislike,Dislike,Like,Dislike,Like,Like,Dislike,Dislike,Like,Like,Like,"Don't Know",,"2016-10-05 21:16:22","2016-10-05 21:23:07",fba02497af
016b5e48c73a96a7b2b33d5273cd2713,Female,"College of Business",Like,Dislike,Like,Dislike,Like,Like,Like,Like,Like,Like,Like,Like,Like,Dislike,Dislike,Like,Dislike,Dislike,Like,Like,Like,Dislike,Dislike,"Don't Know","Don't Know",Like,Like,Like,Dislike,Bellini,"2016-10-05 21:28:34","2016-10-05 21:33:34",2f9ca5abd8
dd9ea6a52af70600d493a59026e9abed,Male,"College of LAS","Don't Know","Don't Know",Like,"Don't Know","Don't Know",Like,"Don't Know",Like,Like,Like,Like,Dislike,Like,"Don't Know","Don't Know",Like,"Don't Know","Don't Know","Don't Know","Don't Know","Don't Know",Like,Like,"Don't Know","Don't Know",Like,Like,Like,"Don't Know",,"2016-10-05 21:31:07","2016-10-05 21:35:50",e0b29eb335
69b6e3452fc45f18c2a59b12824e8941,Male,"College of LAS","Don't Know",Like,Like,"Don't Know",Like,Like,"Don't Know","Don't Know",Like,Like,Like,Like,"Don't Know","Don't Know","Don't Know",Like,"Don't Know","Don't Know",Like,Like,"Don't Know",Like,Like,Like,Like,"Don't Know",Like,Like,"Don't Know",,"2016-10-05 21:36:49","2016-10-05 21:39:05",807d12718c
93bab236fa1fbc6690d5a73e5e42ab7e,Female,"College of Business",Like,"Don't Know",Dislike,"Don't Know",Like,Like,"Don't Know","Don't Know","Don't Know",Like,"Don't Know",Like,"Don't Know","Don't Know","Don't Know","Don't Know","Don't Know","Don't Know",Dislike,"Don't Know","Don't Know","Don't Know","Don't Know",Like,"Don't Know","Don't Know","Don't Know","Don't Know","Don't Know",,"2016-10-05 21:37:27","2016-10-05 21:41:02",ad11761d4c
529af20bc868b3920f7de44876902373,Male,"College of Engineering","Don't Know",Like,Dislike,Dislike,Like,Like,"Don't Know",Like,Like,Like,"Don't Know","Don't Know",Like,Dislike,Like,Like,Dislike,Like,Like,"Don't Know","Don't Know","Don't Know","Don't Know","Don't Know","Don't Know","Don't Know",Like,Like,Like,,"2016-10-05 21:40:42","2016-10-05 21:42:21",d402544cf3
9e3837a177f2f856102c7854f1b2d488,Male,"College of Engineering",Like,Dislike,Like,Dislike,Like,Like,Like,Like,Like,Like,Like,Like,Like,Like,Dislike,Like,Dislike,Dislike,Dislike,Like,Like,Dislike,"Don't Know","Don't Know","Don't Know",Dislike,Like,Like,"Don't Know",,"2016-10-05 21:34:34","2016-10-05 21:48:26",f04c61439e
111f72b02770d8ee87b969b29b61d08a,Female,Other,Dislike,"Don't Know",Like,"Don't Know",Like,Like,"Don't Know","Don't Know",Like,Like,Like,Dislike,"Don't Know",Like,"Don't Know","Don't Know","Don't Know","Don't Know",Like,"Don't Know","Don't Know","Don't Know",Like,"Don't Know","Don't Know","Don't Know",Like,Like,"Don't Know",Beer,"2016-10-05 21:56:10","2016-10-05 22:02:18",4ac1f13de6
2cd5a579add23a5bbf026a9302f75380,Male,"College of Engineering",Dislike,Like,Like,Dislike,Like,Dislike,Dislike,Like,Like,Like,Like,Like,Like,Like,Dislike,Dislike,Dislike,Like,Like,Dislike,Dislike,Dislike,Like,Like,Like,Like,Like,Like,"Don't Know",,"2016-10-05 22:14:50","2016-10-05 22:17:22",0629b72a52
d940e31c05164c82335a98a21df96383,Male,"College of LAS",Dislike,Dislike,Dislike,Dislike,Dislike,Like,"Don't Know",Dislike,Like,Like,Like,"Don't Know","Don't Know","Don't Know","Don't Know","Don't Know","Don't Know","Don't Know","Don't Know","Don't Know","Don't Know","Don't Know","Don't Know","Don't Know","Don't Know","Don't Know",Like,Like,"Don't Know",Beer,"2016-10-05 22:19:34","2016-10-05 22:21:05",6e7131f605
17f1b60fb9e61a0e8fe041d0539f0de9,Male,"College of Engineering","Don't Know",Like,"Don't Know","Don't Know",Like,Like,"Don't Know","Don't Know","Don't Know",Like,Like,"Don't Know","Don't Know",Like,"Don't Know","Don't Know","Don't Know","Don't Know","Don't Know",Like,Like,"Don't Know","Don't Know","Don't Know","Don't Know","Don't Know",Like,Like,"Don't Know",,"2016-10-05 22:47:54","2016-10-05 22:49:45",5dfa13f352
54ac895f0764ab1cf3033036a04d131e,Male,"College of Engineering",Dislike,Like,"Don't Know",Dislike,Dislike,Like,"Don't Know",Like,Like,Like,Like,"Don't Know","Don't Know","Don't Know","Don't Know",Like,"Don't Know","Don't Know","Don't Know","Don't Know","Don't Know",Like,Like,"Don't Know","Don't Know","Don't Know",Like,"Don't Know","Don't Know",Viniq,"2016-10-05 23:05:28","2016-10-05 23:08:27",a2fc0eff59
86ea14d1006d44ba8a2c68e744e44ab0,Male,"College of Engineering",Like,"Don't Know",Like,"Don't Know","Don't Know",Like,"Don't Know",Like,Like,Like,Like,Like,"Don't Know",Dislike,"Don't Know",Like,"Don't Know",Like,Dislike,Dislike,Dislike,Dislike,Dislike,Like,"Don't Know","Don't Know",Like,Dislike,"Don't Know",,"2016-10-05 23:51:29","2016-10-05 23:53:28",d7bb5e6d29
84bdeaba29da55b1dc955b14595fdfd3,Male,"College of LAS","Don't Know","Don't Know","Don't Know","Don't Know","Don't Know","Don't Know","Don't Know","Don't Know","Don't Know","Don't Know","Don't Know","Don't Know","Don't Know","Don't Know","Don't Know","Don't Know","Don't Know","Don't Know","Don't Know","Don't Know","Don't Know","Don't Know","Don't Know","Don't Know","Don't Know","Don't Know","Don't Know","Don't Know","Don't Know",bleach,"2016-10-06 00:02:17","2016-10-06 00:03:47",42144f7d36
91ffd8ece44cf2da2a610f62e3b7f161,Male,"College of LAS",Dislike,Dislike,Like,Dislike,"Don't Know",Like,"Don't Know",Like,Like,Like,Like,Like,Like,Like,"Don't Know",Dislike,Dislike,Dislike,Dislike,Like,Like,Dislike,"Don't Know",Like,Like,Like,Like,Like,"Don't Know",,"2016-10-06 00:01:43","2016-10-06 00:03:50",f73aebfb19
2ba94fbd61794b0ab9f1cdd5528f8cb7,Female,"College of LAS","Don't Know","Don't Know",Like,"Don't Know",Like,Like,"Don't Know","Don't Know",Like,"Don't Know","Don't Know","Don't Know","Don't Know","Don't Know","Don't Know","Don't Know","Don't Know",Like,Like,Like,Like,Like,Like,"Don't Know","Don't Know",Like,Like,"Don't Know","Don't Know",,"2016-10-06 00:04:23","2016-10-06 00:06:06",cc702ffcb0
4f394465e1a4c8609fa54bbcbf261429,Female,DGS,"Don't Know",Like,Like,"Don't Know",Like,Like,"Don't Know",Like,Like,Like,Dislike,Like,Dislike,Dislike,"Don't Know",Like,Dislike,"Don't Know",Like,Dislike,Like,"Don't Know",Dislike,Like,Like,Dislike,Like,Like,Dislike,"Red Bull vodka  ","2016-10-06 00:10:31","2016-10-06 00:12:56",628aee83e2
162d078626a08fecbe6b3dad5f30852c,Female,Other,"Don't Know","Don't Know","Don't Know","Don't Know","Don't Know","Don't Know","Don't Know","Don't Know","Don't Know","Don't Know","Don't Know","Don't Know","Don't Know","Don't Know","Don't Know","Don't Know","Don't Know","Don't Know","Don't Know","Don't Know","Don't Know","Don't Know","Don't Know","Don't Know","Don't Know","Don't Know","Don't Know","Don't Know","Don't Know","Orange juice ","2016-10-06 00:14:33","2016-10-06 00:16:17",9ac9296588
5f9c07c9aaed87d1a7a9a35169c5fae3,Other,DGS,Dislike,Dislike,Dislike,Dislike,Dislike,Dislike,Dislike,Dislike,Dislike,Dislike,Dislike,Dislike,Dislike,Dislike,Dislike,Dislike,Dislike,Dislike,Dislike,Dislike,Dislike,Dislike,Dislike,Dislike,Dislike,Dislike,Dislike,Dislike,Dislike,"Orange Juice, Coke, Diet Rite","2016-10-06 00:19:53","2016-10-06 00:21:34",6cbe48251f
7cd8c77adbe9638f5ff56c4d4cb471f9,Male,"College of Engineering",Like,Like,Like,Dislike,Dislike,Like,Dislike,Like,Like,Like,Like,"Don't Know","Don't Know",Like,Like,Like,Like,Like,Like,"Don't Know",Like,"Don't Know",Like,Like,Like,Like,Like,Like,"Don't Know","Kamikaze, Negroni, Daquiri, Manhattan, Cuba Libre, B-52","2016-10-06 00:20:58","2016-10-06 00:24:32",a229dbaeec
526383f47deccdcecf16348a886e02e3,Male,"College of ACES","Don't Know",Like,Like,"Don't Know",Like,Like,"Don't Know",Like,Like,Like,Like,"Don't Know","Don't Know","Don't Know","Don't Know",Like,"Don't Know",Like,Like,"Don't Know",Like,Like,Like,Like,Like,"Don't Know",Like,Like,"Don't Know",,"2016-10-06 01:35:08","2016-10-06 01:36:39",2d956e38cf
9dde8b1dde0e50c713e39d25f9d10ff6,Male,"College of LAS",Dislike,Like,Like,"Don't Know",Dislike,Like,"Don't Know",Like,Like,Like,"Don't Know",Like,"Don't Know","Don't Know","Don't Know",Like,Dislike,Dislike,Like,Like,Like,Like,Like,Dislike,Dislike,Like,Like,Like,"Don't Know",,"2016-10-06 01:51:30","2016-10-06 01:53:12",f3772f3fc5
38a074a99a39570b226cf12f7357c8e9,Female,Other,"Don't Know","Don't Know",Like,"Don't Know",Like,Like,"Don't Know","Don't Know",Like,Like,Like,Like,"Don't Know","Don't Know","Don't Know","Don't Know","Don't Know",Dislike,Like,Like,"Don't Know","Don't Know",Like,Like,Like,Like,Like,"Don't Know","Don't Know",Caipirinha,"2016-10-06 02:02:24","2016-10-06 02:05:30",98a76191e6
f8ea06a0d6bdd18fdb5e36d3bd6d6976,Male,Other,"Don't Know","Don't Know",Dislike,"Don't Know",Like,Like,"Don't Know",Like,Dislike,Dislike,Like,Like,"Don't Know","Don't Know","Don't Know",Like,"Don't Know",Dislike,Like,"Don't Know",Like,Dislike,Like,"Don't Know","Don't Know",Like,Like,Like,Dislike,,"2016-10-06 02:30:52","2016-10-06 02:33:32",b9a6688e09
2245d1fb308f55f25f7294bfe61e0135,Male,"College of LAS","Don't Know","Don't Know","Don't Know","Don't Know","Don't Know","Don't Know","Don't Know","Don't Know","Don't Know","Don't Know","Don't Know","Don't Know","Don't Know","Don't Know","Don't Know","Don't Know","Don't Know","Don't Know","Don't Know","Don't Know","Don't Know","Don't Know","Don't Know","Don't Know","Don't Know","Don't Know","Don't Know","Don't Know","Don't Know",,"2016-10-06 03:04:33","2016-10-06 03:05:45",bc752ba9f3
e4b5f44aa905486f16467b3887fd9156,Male,"College of LAS","Don't Know","Don't Know",Like,Dislike,"Don't Know",Like,"Don't Know",Like,Like,Like,Like,Like,Like,Like,"Don't Know",Like,"Don't Know","Don't Know",Like,Like,"Don't Know",Like,Like,"Don't Know","Don't Know",Like,Like,Like,"Don't Know",,"2016-10-06 04:40:30","2016-10-06 04:43:41",574baab82d
5ba9c1e8f16a33c3be7ef0122b49c69c,Female,Other,Dislike,Dislike,Like,Like,Like,Like,"Don't Know",Dislike,Like,Like,Dislike,Like,Dislike,Dislike,Dislike,Like,Dislike,Dislike,Like,Like,Like,"Don't Know",Like,Like,Like,Like,Like,Like,Like,,"2016-10-06 05:04:23","2016-10-06 05:05:39",caf35552c4
935461376f0cd3d4eb542b469fc6b32d,Female,"College of LAS",Like,"Don't Know",Like,"Don't Know","Don't Know",Like,"Don't Know",Like,Like,Like,Like,"Don't Know",Like,"Don't Know","Don't Know",Like,"Don't Know",Like,Like,"Don't Know",Like,"Don't Know",Like,"Don't Know",Like,Like,"Don't Know",Like,"Don't Know",,"2016-10-06 05:26:08","2016-10-06 05:28:13",bc752ba9f3
f3d217edf67366c8b3aeea894345aeaf,Female,"College of LAS",Dislike,Like,Like,Dislike,Dislike,Like,Dislike,Like,Like,Like,Like,Dislike,Dislike,"Don't Know","Don't Know","Don't Know","Don't Know",Like,,Dislike,"Don't Know",Like,"Don't Know","Don't Know","Don't Know","Don't Know","Don't Know","Don't Know","Don't Know","Jungle juice ;)","2016-10-06 05:54:24","2016-10-06 05:56:24",e4b388eee7
1cb75cee24f2ddab747d9b06237347c3,Male,"College of LAS",Like,Like,Dislike,Like,Like,Like,"Don't Know","Don't Know",Like,Like,Like,Dislike,"Don't Know","Don't Know",Like,Like,"Don't Know",Like,"Don't Know","Don't Know","Don't Know","Don't Know",Like,"Don't Know","Don't Know","Don't Know",Like,Like,"Don't Know",,"2016-10-06 06:13:01","2016-10-06 06:16:42",9d730a1a9f
1beb261e8ee0103e4012e01ab56622b9,Male,"College of Engineering","Don't Know",Like,Like,Dislike,Like,"Don't Know","Don't Know",Like,Like,Like,"Don't Know","Don't Know","Don't Know",Like,"Don't Know",Dislike,"Don't Know",Like,Dislike,Like,"Don't Know","Don't Know",Like,"Don't Know",Like,Like,Like,Dislike,Like,Mudslide,"2016-10-06 15:18:20","2016-10-06 15:20:19",963fbb0ac7
45232298dd25d870273f4f579241f826,Female,"College of Engineering","Don't Know","Don't Know",Like,"Don't Know",Like,Like,"Don't Know","Don't Know",Like,"Don't Know",Like,Like,"Don't Know","Don't Know","Don't Know","Don't Know","Don't Know","Don't Know",Like,Like,"Don't Know",Like,Like,Like,"Don't Know","Don't Know",Like,Like,"Don't Know","Vodka water lime, wine","2016-10-06 15:47:53","2016-10-06 15:49:54",00494821f7
d7708153a4b4ade2f7d904751ab8cb4e,Female,"College of Engineering",Like,"Don't Know",Like,"Don't Know","Don't Know",Like,"Don't Know","Don't Know",Dislike,"Don't Know",Like,Dislike,"Don't Know","Don't Know","Don't Know",Dislike,"Don't Know","Don't Know",Like,"Don't Know",Like,"Don't Know",Like,"Don't Know","Don't Know","Don't Know",Like,Dislike,"Don't Know",,"2016-10-06 17:28:11","2016-10-06 17:30:27",bf8d51d43f
82f5bdd2e28f1a6471e1c00e26700579,Male,"College of LAS","Don't Know","Don't Know",Like,"Don't Know",Like,Like,"Don't Know",Like,Like,Dislike,Dislike,Dislike,"Don't Know","Don't Know","Don't Know",Like,Dislike,Like,"Don't Know","Don't Know","Don't Know",Like,Like,Dislike,"Don't Know","Don't Know",Like,Like,Dislike,"Gem Clear, Handle Puuls","2016-10-06 17:35:22","2016-10-06 17:38:59",946d468985
8f70f99b3657e56a9b851575d51c0ec9,Male,"College of Engineering","Don't Know",Dislike,Dislike,Dislike,Dislike,Like,"Don't Know",Dislike,Dislike,Like,"Don't Know",,"Don't Know","Don't Know",Like,Like,"Don't Know",Like,"Don't Know",Like,Like,Dislike,Like,Like,"Don't Know","Don't Know",Like,Like,"Don't Know",,"2016-10-06 17:37:21","2016-10-06 17:41:03",4c475a7195
3097b9e455cd8220cad58b00c5aeafa1,Male,Other,"Don't Know","Don't Know",Dislike,"Don't Know",Dislike,Like,"Don't Know",Like,Like,Dislike,"Don't Know",Dislike,Like,Like,"Don't Know",Dislike,"Don't Know",Dislike,Like,"Don't Know",Like,"Don't Know","Don't Know","Don't Know",Like,"Don't Know",Like,Like,"Don't Know",,"2016-10-06 17:58:07","2016-10-06 18:01:52",d32a46457c
9b986022a6cc4578871979e5eb6c0726,Male,"College of Engineering",Like,Dislike,Dislike,Dislike,Like,Like,Dislike,Like,Like,Like,Like,Dislike,Dislike,Dislike,Dislike,Like,Dislike,Dislike,Like,Like,Like,Dislike,Like,Like,Like,Like,Like,Like,Dislike,"Jager Bombs, Wine, Beer","2016-10-06 18:49:30","2016-10-06 18:51:23",4d91192849
6d5d95684126ae2df3049f9dacd77072,Male,"College of Engineering","Don't Know",Like,Like,"Don't Know",Like,Like,"Don't Know",Like,Like,Like,Like,Like,"Don't Know",Like,"Don't Know",Dislike,"Don't Know",Like,"Don't Know",Like,"Don't Know",Like,"Don't Know","Don't Know","Don't Know",Like,Like,Like,"Don't Know",,"2016-10-06 19:04:01","2016-10-06 19:05:49",175668d863
946ddb8c284a972d9f696430697c3e9a,Male,"College of LAS","Don't Know","Don't Know","Don't Know","Don't Know","Don't Know","Don't Know","Don't Know","Don't Know","Don't Know","Don't Know","Don't Know","Don't Know","Don't Know","Don't Know","Don't Know","Don't Know","Don't Know","Don't Know","Don't Know","Don't Know","Don't Know","Don't Know","Don't Know","Don't Know","Don't Know",Like,"Don't Know","Don't Know","Don't Know",,"2016-10-06 19:23:56","2016-10-06 19:25:46",adda0f9b30
be2c99fd098eac4cbeafc00dc4421180,Male,DGS,"Don't Know","Don't Know","Don't Know","Don't Know","Don't Know","Don't Know","Don't Know","Don't Know","Don't Know","Don't Know","Don't Know","Don't Know","Don't Know","Don't Know","Don't Know","Don't Know","Don't Know","Don't Know","Don't Know","Don't Know","Don't Know","Don't Know","Don't Know","Don't Know","Don't Know","Don't Know","Don't Know","Don't Know","Don't Know",,"2016-10-06 23:50:51","2016-10-06 23:52:27",807d12718c
9d6e703519759d75e6f0e2df5e7d801b,Male,"College of Engineering","Don't Know",Like,Like,"Don't Know","Don't Know",Like,"Don't Know",Like,Like,Like,Like,Dislike,Dislike,Like,"Don't Know",Like,"Don't Know",Like,"Don't Know","Don't Know",Like,Like,"Don't Know","Don't Know",Like,Like,"Don't Know",Like,"Don't Know",,"2016-10-06 23:59:10","2016-10-07 00:00:51",664b3daae4
5825ff987331570162c811fbd425b5c7,Female,"College of Engineering",Dislike,Dislike,Dislike,Dislike,Dislike,Dislike,Dislike,Dislike,Dislike,Dislike,Dislike,Dislike,Dislike,Dislike,Dislike,Dislike,Dislike,Dislike,Dislike,Dislike,Dislike,Dislike,Like,Dislike,Dislike,Dislike,Dislike,Dislike,Dislike,,"2016-10-07 04:22:49","2016-10-07 04:24:04",7468d0fa2b
df8305f065afef2725e4b4b3b72a1cdc,Male,"College of Engineering",Like,Like,Like,"Don't Know",Like,Like,"Don't Know",Like,Like,Dislike,Like,Dislike,Dislike,Like,Dislike,Like,Like,Like,Dislike,Dislike,Dislike,Like,Like,Like,Dislike,Dislike,Like,Like,Like,,"2016-10-07 05:20:10","2016-10-07 05:21:44",da3a7faca6
122ba959049de554f8da16d08e73d9a0,Male,"College of Engineering","Don't Know","Don't Know","Don't Know","Don't Know","Don't Know","Don't Know","Don't Know","Don't Know","Don't Know","Don't Know","Don't Know","Don't Know","Don't Know","Don't Know","Don't Know","Don't Know","Don't Know",Dislike,Dislike,Dislike,Dislike,Dislike,Dislike,Dislike,Dislike,Dislike,Like,"Don't Know","Don't Know",,"2016-10-07 14:18:35","2016-10-07 14:19:37",2a83042b9c
1995c091c2d6e44dc830e45cc476621e,Female,Other,Dislike,"Don't Know",Like,"Don't Know",Like,Like,"Don't Know","Don't Know",Like,Like,"Don't Know",Like,"Don't Know","Don't Know","Don't Know",Like,"Don't Know","Don't Know",Like,Like,Like,"Don't Know","Don't Know",,Like,Like,Like,Like,"Don't Know","Fireball and coke ","2016-10-07 15:21:50","2016-10-07 15:24:11",00083f4fc8
879dc2c833bb9f1c4f188290acedc5cb,Male,"College of Engineering","Don't Know","Don't Know",Like,"Don't Know",Like,Like,"Don't Know",Like,Like,Like,Like,Like,"Don't Know",Like,"Don't Know",Dislike,Dislike,Dislike,Like,Like,Like,Like,Like,"Don't Know","Don't Know",Like,Like,Like,"Don't Know","Vodka water lime","2016-10-08 20:31:04","2016-10-08 20:33:27",d9d6176797
3251862a181d96fc48aacf32e4978407,Male,Other,Like,Dislike,Dislike,"Don't Know",Like,Like,"Don't Know","Don't Know",Like,"Don't Know",Dislike,"Don't Know","Don't Know","Don't Know","Don't Know",Dislike,"Don't Know","Don't Know",Like,"Don't Know",Dislike,"Don't Know",Like,"Don't Know","Don't Know","Don't Know",Like,Like,"Don't Know",,"2016-10-09 03:52:52","2016-10-09 03:55:27",d0b1950ef3
28ef0a67d8b31f03cf86f51729b75212,Female,"College of Engineering","Don't Know","Don't Know",Like,"Don't Know",Like,Like,"Don't Know",Dislike,Like,Like,"Don't Know","Don't Know","Don't Know","Don't Know","Don't Know","Don't Know","Don't Know","Don't Know",Like,Like,Like,Like,Like,"Don't Know","Don't Know","Don't Know",Like,"Don't Know","Don't Know",,"2016-10-09 23:25:34","2016-10-09 23:27:29",e931dfe036
